--
-- PostgreSQL database dump
--

-- Dumped from database version 11.1
-- Dumped by pg_dump version 11.1

SET statement_timeout = 0;
SET lock_timeout = 0;
SET idle_in_transaction_session_timeout = 0;
SET client_encoding = 'UTF8';
SET standard_conforming_strings = on;
SELECT pg_catalog.set_config('search_path', '', false);
SET check_function_bodies = false;
SET client_min_messages = warning;
SET row_security = off;

--
-- Name: kosloski; Type: DATABASE; Schema: -; Owner: postgres
--

CREATE DATABASE kosloski WITH TEMPLATE = template0 ENCODING = 'UTF8' LC_COLLATE = 'Spanish_Brazil.1252' LC_CTYPE = 'Spanish_Brazil.1252';


ALTER DATABASE kosloski OWNER TO postgres;

\connect kosloski

SET statement_timeout = 0;
SET lock_timeout = 0;
SET idle_in_transaction_session_timeout = 0;
SET client_encoding = 'UTF8';
SET standard_conforming_strings = on;
SELECT pg_catalog.set_config('search_path', '', false);
SET check_function_bodies = false;
SET client_min_messages = warning;
SET row_security = off;

SET default_tablespace = '';

SET default_with_oids = false;

--
-- Name: cliente; Type: TABLE; Schema: public; Owner: postgres
--

CREATE TABLE public.cliente (
    codcliente integer NOT NULL,
    nomcliente character varying(40) NOT NULL,
    telefone character varying(20),
    rg character varying(20),
    cpf character varying(20)
);


ALTER TABLE public.cliente OWNER TO postgres;

--
-- Name: cliente_codcliente_seq; Type: SEQUENCE; Schema: public; Owner: postgres
--

CREATE SEQUENCE public.cliente_codcliente_seq
    AS integer
    START WITH 1
    INCREMENT BY 1
    NO MINVALUE
    NO MAXVALUE
    CACHE 1;


ALTER TABLE public.cliente_codcliente_seq OWNER TO postgres;

--
-- Name: cliente_codcliente_seq; Type: SEQUENCE OWNED BY; Schema: public; Owner: postgres
--

ALTER SEQUENCE public.cliente_codcliente_seq OWNED BY public.cliente.codcliente;


--
-- Name: entrada; Type: TABLE; Schema: public; Owner: postgres
--

CREATE TABLE public.entrada (
    codentrada integer NOT NULL,
    fecha date NOT NULL,
    codfornecedor integer NOT NULL
);


ALTER TABLE public.entrada OWNER TO postgres;

--
-- Name: entrada_codentrada_seq; Type: SEQUENCE; Schema: public; Owner: postgres
--

CREATE SEQUENCE public.entrada_codentrada_seq
    AS integer
    START WITH 1
    INCREMENT BY 1
    NO MINVALUE
    NO MAXVALUE
    CACHE 1;


ALTER TABLE public.entrada_codentrada_seq OWNER TO postgres;

--
-- Name: entrada_codentrada_seq; Type: SEQUENCE OWNED BY; Schema: public; Owner: postgres
--

ALTER SEQUENCE public.entrada_codentrada_seq OWNED BY public.entrada.codentrada;


--
-- Name: entradadetalle; Type: TABLE; Schema: public; Owner: postgres
--

CREATE TABLE public.entradadetalle (
    codentradadetalle integer NOT NULL,
    codentrada integer NOT NULL,
    codproduto integer NOT NULL,
    cantidad numeric(10,2) NOT NULL
);


ALTER TABLE public.entradadetalle OWNER TO postgres;

--
-- Name: entradadetalle_codentradadetalle_seq; Type: SEQUENCE; Schema: public; Owner: postgres
--

CREATE SEQUENCE public.entradadetalle_codentradadetalle_seq
    AS integer
    START WITH 1
    INCREMENT BY 1
    NO MINVALUE
    NO MAXVALUE
    CACHE 1;


ALTER TABLE public.entradadetalle_codentradadetalle_seq OWNER TO postgres;

--
-- Name: entradadetalle_codentradadetalle_seq; Type: SEQUENCE OWNED BY; Schema: public; Owner: postgres
--

ALTER SEQUENCE public.entradadetalle_codentradadetalle_seq OWNED BY public.entradadetalle.codentradadetalle;


--
-- Name: equipamento; Type: TABLE; Schema: public; Owner: postgres
--

CREATE TABLE public.equipamento (
    codequip integer NOT NULL,
    nomequip character varying(40) NOT NULL,
    codmarca integer NOT NULL,
    modelo integer DEFAULT 1 NOT NULL,
    ciclagem integer DEFAULT 4 NOT NULL
);


ALTER TABLE public.equipamento OWNER TO postgres;

--
-- Name: equipamento_codequip_seq; Type: SEQUENCE; Schema: public; Owner: postgres
--

CREATE SEQUENCE public.equipamento_codequip_seq
    AS integer
    START WITH 1
    INCREMENT BY 1
    NO MINVALUE
    NO MAXVALUE
    CACHE 1;


ALTER TABLE public.equipamento_codequip_seq OWNER TO postgres;

--
-- Name: equipamento_codequip_seq; Type: SEQUENCE OWNED BY; Schema: public; Owner: postgres
--

ALTER SEQUENCE public.equipamento_codequip_seq OWNED BY public.equipamento.codequip;


--
-- Name: fornecedor; Type: TABLE; Schema: public; Owner: postgres
--

CREATE TABLE public.fornecedor (
    codfornecedor integer NOT NULL,
    nomfornecedor character varying(40) NOT NULL
);


ALTER TABLE public.fornecedor OWNER TO postgres;

--
-- Name: fornecedor_codfornecedor_seq; Type: SEQUENCE; Schema: public; Owner: postgres
--

CREATE SEQUENCE public.fornecedor_codfornecedor_seq
    AS integer
    START WITH 1
    INCREMENT BY 1
    NO MINVALUE
    NO MAXVALUE
    CACHE 1;


ALTER TABLE public.fornecedor_codfornecedor_seq OWNER TO postgres;

--
-- Name: fornecedor_codfornecedor_seq; Type: SEQUENCE OWNED BY; Schema: public; Owner: postgres
--

ALTER SEQUENCE public.fornecedor_codfornecedor_seq OWNED BY public.fornecedor.codfornecedor;


--
-- Name: funcionario; Type: TABLE; Schema: public; Owner: postgres
--

CREATE TABLE public.funcionario (
    codfuncio integer NOT NULL,
    nomfuncio character varying(40) NOT NULL,
    telefone character varying(20),
    rg character varying(20),
    cpf character varying(20)
);


ALTER TABLE public.funcionario OWNER TO postgres;

--
-- Name: funcionario_codfuncio_seq; Type: SEQUENCE; Schema: public; Owner: postgres
--

CREATE SEQUENCE public.funcionario_codfuncio_seq
    AS integer
    START WITH 1
    INCREMENT BY 1
    NO MINVALUE
    NO MAXVALUE
    CACHE 1;


ALTER TABLE public.funcionario_codfuncio_seq OWNER TO postgres;

--
-- Name: funcionario_codfuncio_seq; Type: SEQUENCE OWNED BY; Schema: public; Owner: postgres
--

ALTER SEQUENCE public.funcionario_codfuncio_seq OWNED BY public.funcionario.codfuncio;


--
-- Name: marca; Type: TABLE; Schema: public; Owner: postgres
--

CREATE TABLE public.marca (
    codmarca integer NOT NULL,
    nommarca character varying(30) NOT NULL
);


ALTER TABLE public.marca OWNER TO postgres;

--
-- Name: marca_codmarca_seq; Type: SEQUENCE; Schema: public; Owner: postgres
--

CREATE SEQUENCE public.marca_codmarca_seq
    AS integer
    START WITH 1
    INCREMENT BY 1
    NO MINVALUE
    NO MAXVALUE
    CACHE 1;


ALTER TABLE public.marca_codmarca_seq OWNER TO postgres;

--
-- Name: marca_codmarca_seq; Type: SEQUENCE OWNED BY; Schema: public; Owner: postgres
--

ALTER SEQUENCE public.marca_codmarca_seq OWNED BY public.marca.codmarca;


--
-- Name: medida; Type: TABLE; Schema: public; Owner: postgres
--

CREATE TABLE public.medida (
    codmedida integer NOT NULL,
    nommedida character varying(20) NOT NULL,
    abreviatura character varying(10) NOT NULL
);


ALTER TABLE public.medida OWNER TO postgres;

--
-- Name: medida_codmedida_seq; Type: SEQUENCE; Schema: public; Owner: postgres
--

CREATE SEQUENCE public.medida_codmedida_seq
    AS integer
    START WITH 1
    INCREMENT BY 1
    NO MINVALUE
    NO MAXVALUE
    CACHE 1;


ALTER TABLE public.medida_codmedida_seq OWNER TO postgres;

--
-- Name: medida_codmedida_seq; Type: SEQUENCE OWNED BY; Schema: public; Owner: postgres
--

ALTER SEQUENCE public.medida_codmedida_seq OWNED BY public.medida.codmedida;


--
-- Name: produto; Type: TABLE; Schema: public; Owner: postgres
--

CREATE TABLE public.produto (
    codproduto integer NOT NULL,
    nomproduto character varying(40) NOT NULL,
    codmarca integer NOT NULL,
    codmedida integer NOT NULL,
    stock numeric(99,2) NOT NULL,
    precio numeric(99,2) NOT NULL
);


ALTER TABLE public.produto OWNER TO postgres;

--
-- Name: produto_codproduto_seq; Type: SEQUENCE; Schema: public; Owner: postgres
--

CREATE SEQUENCE public.produto_codproduto_seq
    AS integer
    START WITH 1
    INCREMENT BY 1
    NO MINVALUE
    NO MAXVALUE
    CACHE 1;


ALTER TABLE public.produto_codproduto_seq OWNER TO postgres;

--
-- Name: produto_codproduto_seq; Type: SEQUENCE OWNED BY; Schema: public; Owner: postgres
--

ALTER SEQUENCE public.produto_codproduto_seq OWNED BY public.produto.codproduto;


--
-- Name: representante; Type: TABLE; Schema: public; Owner: postgres
--

CREATE TABLE public.representante (
    codrepre integer NOT NULL,
    nomrepre character varying(40) NOT NULL,
    codfornecedor integer NOT NULL,
    email character varying(40)
);


ALTER TABLE public.representante OWNER TO postgres;

--
-- Name: representante_codrepre_seq; Type: SEQUENCE; Schema: public; Owner: postgres
--

CREATE SEQUENCE public.representante_codrepre_seq
    AS integer
    START WITH 1
    INCREMENT BY 1
    NO MINVALUE
    NO MAXVALUE
    CACHE 1;


ALTER TABLE public.representante_codrepre_seq OWNER TO postgres;

--
-- Name: representante_codrepre_seq; Type: SEQUENCE OWNED BY; Schema: public; Owner: postgres
--

ALTER SEQUENCE public.representante_codrepre_seq OWNED BY public.representante.codrepre;


--
-- Name: servicio; Type: TABLE; Schema: public; Owner: postgres
--

CREATE TABLE public.servicio (
    codservi integer NOT NULL,
    codcliente integer NOT NULL,
    codfuncio integer NOT NULL,
    fecha date NOT NULL,
    codequip integer NOT NULL,
    estado character varying(20) NOT NULL,
    obs character varying(100),
    cobrado numeric(99,2) NOT NULL,
    total numeric(99,2) NOT NULL,
    comissao numeric(99,2),
    numservi character varying(99) DEFAULT 0 NOT NULL
);


ALTER TABLE public.servicio OWNER TO postgres;

--
-- Name: servicio_codservi_seq; Type: SEQUENCE; Schema: public; Owner: postgres
--

CREATE SEQUENCE public.servicio_codservi_seq
    AS integer
    START WITH 1
    INCREMENT BY 1
    NO MINVALUE
    NO MAXVALUE
    CACHE 1;


ALTER TABLE public.servicio_codservi_seq OWNER TO postgres;

--
-- Name: servicio_codservi_seq; Type: SEQUENCE OWNED BY; Schema: public; Owner: postgres
--

ALTER SEQUENCE public.servicio_codservi_seq OWNED BY public.servicio.codservi;


--
-- Name: serviciodetalle; Type: TABLE; Schema: public; Owner: postgres
--

CREATE TABLE public.serviciodetalle (
    codservideta integer NOT NULL,
    codservi integer NOT NULL,
    codprod integer NOT NULL,
    cantidad numeric(99,2) NOT NULL,
    precio numeric(99,2),
    subtotal numeric(99,2)
);


ALTER TABLE public.serviciodetalle OWNER TO postgres;

--
-- Name: servicio_detalle_codservideta_seq; Type: SEQUENCE; Schema: public; Owner: postgres
--

CREATE SEQUENCE public.servicio_detalle_codservideta_seq
    AS integer
    START WITH 1
    INCREMENT BY 1
    NO MINVALUE
    NO MAXVALUE
    CACHE 1;


ALTER TABLE public.servicio_detalle_codservideta_seq OWNER TO postgres;

--
-- Name: servicio_detalle_codservideta_seq; Type: SEQUENCE OWNED BY; Schema: public; Owner: postgres
--

ALTER SEQUENCE public.servicio_detalle_codservideta_seq OWNED BY public.serviciodetalle.codservideta;


--
-- Name: telrepre; Type: TABLE; Schema: public; Owner: postgres
--

CREATE TABLE public.telrepre (
    codtel integer NOT NULL,
    numtel character varying(20) NOT NULL,
    codrepre integer NOT NULL
);


ALTER TABLE public.telrepre OWNER TO postgres;

--
-- Name: telrepre_codtel_seq; Type: SEQUENCE; Schema: public; Owner: postgres
--

CREATE SEQUENCE public.telrepre_codtel_seq
    AS integer
    START WITH 1
    INCREMENT BY 1
    NO MINVALUE
    NO MAXVALUE
    CACHE 1;


ALTER TABLE public.telrepre_codtel_seq OWNER TO postgres;

--
-- Name: telrepre_codtel_seq; Type: SEQUENCE OWNED BY; Schema: public; Owner: postgres
--

ALTER SEQUENCE public.telrepre_codtel_seq OWNED BY public.telrepre.codtel;


--
-- Name: cliente codcliente; Type: DEFAULT; Schema: public; Owner: postgres
--

ALTER TABLE ONLY public.cliente ALTER COLUMN codcliente SET DEFAULT nextval('public.cliente_codcliente_seq'::regclass);


--
-- Name: entrada codentrada; Type: DEFAULT; Schema: public; Owner: postgres
--

ALTER TABLE ONLY public.entrada ALTER COLUMN codentrada SET DEFAULT nextval('public.entrada_codentrada_seq'::regclass);


--
-- Name: entradadetalle codentradadetalle; Type: DEFAULT; Schema: public; Owner: postgres
--

ALTER TABLE ONLY public.entradadetalle ALTER COLUMN codentradadetalle SET DEFAULT nextval('public.entradadetalle_codentradadetalle_seq'::regclass);


--
-- Name: equipamento codequip; Type: DEFAULT; Schema: public; Owner: postgres
--

ALTER TABLE ONLY public.equipamento ALTER COLUMN codequip SET DEFAULT nextval('public.equipamento_codequip_seq'::regclass);


--
-- Name: fornecedor codfornecedor; Type: DEFAULT; Schema: public; Owner: postgres
--

ALTER TABLE ONLY public.fornecedor ALTER COLUMN codfornecedor SET DEFAULT nextval('public.fornecedor_codfornecedor_seq'::regclass);


--
-- Name: funcionario codfuncio; Type: DEFAULT; Schema: public; Owner: postgres
--

ALTER TABLE ONLY public.funcionario ALTER COLUMN codfuncio SET DEFAULT nextval('public.funcionario_codfuncio_seq'::regclass);


--
-- Name: marca codmarca; Type: DEFAULT; Schema: public; Owner: postgres
--

ALTER TABLE ONLY public.marca ALTER COLUMN codmarca SET DEFAULT nextval('public.marca_codmarca_seq'::regclass);


--
-- Name: medida codmedida; Type: DEFAULT; Schema: public; Owner: postgres
--

ALTER TABLE ONLY public.medida ALTER COLUMN codmedida SET DEFAULT nextval('public.medida_codmedida_seq'::regclass);


--
-- Name: produto codproduto; Type: DEFAULT; Schema: public; Owner: postgres
--

ALTER TABLE ONLY public.produto ALTER COLUMN codproduto SET DEFAULT nextval('public.produto_codproduto_seq'::regclass);


--
-- Name: representante codrepre; Type: DEFAULT; Schema: public; Owner: postgres
--

ALTER TABLE ONLY public.representante ALTER COLUMN codrepre SET DEFAULT nextval('public.representante_codrepre_seq'::regclass);


--
-- Name: servicio codservi; Type: DEFAULT; Schema: public; Owner: postgres
--

ALTER TABLE ONLY public.servicio ALTER COLUMN codservi SET DEFAULT nextval('public.servicio_codservi_seq'::regclass);


--
-- Name: serviciodetalle codservideta; Type: DEFAULT; Schema: public; Owner: postgres
--

ALTER TABLE ONLY public.serviciodetalle ALTER COLUMN codservideta SET DEFAULT nextval('public.servicio_detalle_codservideta_seq'::regclass);


--
-- Name: telrepre codtel; Type: DEFAULT; Schema: public; Owner: postgres
--

ALTER TABLE ONLY public.telrepre ALTER COLUMN codtel SET DEFAULT nextval('public.telrepre_codtel_seq'::regclass);


--
-- Data for Name: cliente; Type: TABLE DATA; Schema: public; Owner: postgres
--

COPY public.cliente (codcliente, nomcliente, telefone, rg, cpf) FROM stdin;
1	xfghxfth4515	6516516	Vazio	Vazio
\.


--
-- Data for Name: entrada; Type: TABLE DATA; Schema: public; Owner: postgres
--

COPY public.entrada (codentrada, fecha, codfornecedor) FROM stdin;
27	1111-11-11	2
28	1111-11-11	2
29	1111-11-11	2
30	2012-01-01	2
31	2001-02-02	2
32	2001-02-02	2
33	2001-02-02	2
34	2001-02-02	2
35	2222-03-21	2
36	2112-01-01	2
37	2222-03-21	2
38	1782-01-01	2
39	6465-05-04	2
40	3115-11-05	2
41	3213-11-13	2
42	1848-02-13	2
43	4563-04-05	2
44	2019-02-15	2
45	1987-03-21	2
46	4986-03-12	2
47	6879-04-05	2
48	2019-02-27	5
54	2019-02-28	2
55	2019-02-28	5
\.


--
-- Data for Name: entradadetalle; Type: TABLE DATA; Schema: public; Owner: postgres
--

COPY public.entradadetalle (codentradadetalle, codentrada, codproduto, cantidad) FROM stdin;
14	27	3	11.11
15	28	2	11.11
16	29	3	11.11
17	30	2	2.00
18	31	2	3.00
19	32	2	3.00
20	33	2	3.00
21	34	2	3.00
22	35	2	3.00
23	36	3	11.23
24	37	2	55555.12
25	38	2	1.00
26	38	3	2.00
27	38	1	2.00
28	38	3	1.00
29	38	2	3.00
30	38	1	2.50
31	38	1	2.58
32	38	3	2.48
33	43	2	3.00
34	43	2	8.00
35	44	2	5.80
36	44	1	2.00
37	45	2	2.50
38	45	2	2.80
39	45	5	5.50
40	46	5	4.50
41	47	5	13546.64
42	48	1	1.00
47	54	5	2.00
48	54	5	2.00
49	55	1	1.00
\.


--
-- Data for Name: equipamento; Type: TABLE DATA; Schema: public; Owner: postgres
--

COPY public.equipamento (codequip, nomequip, codmarca, modelo, ciclagem) FROM stdin;
5	4646984948	2	6	2
6	yer5yt45645ãããééé	4	6	3
8	bjkbbkjnk	2	5	2
7	ãããgh	2	6	1
\.


--
-- Data for Name: fornecedor; Type: TABLE DATA; Schema: public; Owner: postgres
--

COPY public.fornecedor (codfornecedor, nomfornecedor) FROM stdin;
2	olaaaaaowow
3	amazon
5	fulano de ta
7	ãaaaaa
8	Não Disponív
\.


--
-- Data for Name: funcionario; Type: TABLE DATA; Schema: public; Owner: postgres
--

COPY public.funcionario (codfuncio, nomfuncio, telefone, rg, cpf) FROM stdin;
1	fulanito lol	Vazio	Vazio	Vazio
2	46984984	Vazio	Vazio	Vazio
\.


--
-- Data for Name: marca; Type: TABLE DATA; Schema: public; Owner: postgres
--

COPY public.marca (codmarca, nommarca) FROM stdin;
2	ur5yasrt4
4	nao sei
\.


--
-- Data for Name: medida; Type: TABLE DATA; Schema: public; Owner: postgres
--

COPY public.medida (codmedida, nommedida, abreviatura) FROM stdin;
1	1263	456
3	litro	lt.
\.


--
-- Data for Name: produto; Type: TABLE DATA; Schema: public; Owner: postgres
--

COPY public.produto (codproduto, nomproduto, codmarca, codmedida, stock, precio) FROM stdin;
3	novo	2	1	27.82	0.00
4	ñññññññ	2	3	23123.00	123123.00
7	ç	2	3	0.00	0.00
8	çñçç	2	3	0.00	0.00
11	asdasd awdawd aw aweñí	2	3	1323123.00	123123.00
10	íerterte	2	3	345333.00	345345.00
12	novo para teste 2	4	1	-2.00	1.50
9	ãhtrhth	2	3	123114.00	123123.00
2	qboa?	4	3	62097.33	5416498.00
5	novo pra teste	2	3	13536.64	0.00
1	asdasd	4	1	463455466.86	234128934.78
\.


--
-- Data for Name: representante; Type: TABLE DATA; Schema: public; Owner: postgres
--

COPY public.representante (codrepre, nomrepre, codfornecedor, email) FROM stdin;
1	mengano	3	hotmail
5	tertghj	3	ghjghj
3	oyu8ioyiuo	3	yuioyuioyo
2	khuiko	2	huiohuio
6	qweqwe	2	qweqwe
4	ertert	2	ertert
8	mengano de t	5	gmail
9	ciclano	5	paldpasdas
\.


--
-- Data for Name: servicio; Type: TABLE DATA; Schema: public; Owner: postgres
--

COPY public.servicio (codservi, codcliente, codfuncio, fecha, codequip, estado, obs, cobrado, total, comissao, numservi) FROM stdin;
16	1	1	2019-03-01	5	3	\N	1100.00	1000.00	100.00	0
17	1	1	2019-03-01	5	3	\N	15200.00	15000.00	200.00	0
18	1	1	2019-03-01	5	2	\N	150800.00	150000.00	100.00	0
\.


--
-- Data for Name: serviciodetalle; Type: TABLE DATA; Schema: public; Owner: postgres
--

COPY public.serviciodetalle (codservideta, codservi, codprod, cantidad, precio, subtotal) FROM stdin;
17	16	10	12.00	345345.00	4144140.00
18	16	12	1.00	1.50	1.50
19	17	5	1.00	0.00	0.00
20	17	5	1.00	0.00	0.00
21	17	9	1.00	123123.00	123123.00
22	17	2	1.00	5416498.00	5416498.00
23	18	5	2.00	0.00	0.00
24	18	1	1.00	234128934.78	234128934.78
\.


--
-- Data for Name: telrepre; Type: TABLE DATA; Schema: public; Owner: postgres
--

COPY public.telrepre (codtel, numtel, codrepre) FROM stdin;
2	0975	1
3	23123	3
4	345345345	6
6	15165	3
5	1111	5
8	4984945135	9
\.


--
-- Name: cliente_codcliente_seq; Type: SEQUENCE SET; Schema: public; Owner: postgres
--

SELECT pg_catalog.setval('public.cliente_codcliente_seq', 1, true);


--
-- Name: entrada_codentrada_seq; Type: SEQUENCE SET; Schema: public; Owner: postgres
--

SELECT pg_catalog.setval('public.entrada_codentrada_seq', 55, true);


--
-- Name: entradadetalle_codentradadetalle_seq; Type: SEQUENCE SET; Schema: public; Owner: postgres
--

SELECT pg_catalog.setval('public.entradadetalle_codentradadetalle_seq', 49, true);


--
-- Name: equipamento_codequip_seq; Type: SEQUENCE SET; Schema: public; Owner: postgres
--

SELECT pg_catalog.setval('public.equipamento_codequip_seq', 8, true);


--
-- Name: fornecedor_codfornecedor_seq; Type: SEQUENCE SET; Schema: public; Owner: postgres
--

SELECT pg_catalog.setval('public.fornecedor_codfornecedor_seq', 8, true);


--
-- Name: funcionario_codfuncio_seq; Type: SEQUENCE SET; Schema: public; Owner: postgres
--

SELECT pg_catalog.setval('public.funcionario_codfuncio_seq', 2, true);


--
-- Name: marca_codmarca_seq; Type: SEQUENCE SET; Schema: public; Owner: postgres
--

SELECT pg_catalog.setval('public.marca_codmarca_seq', 4, true);


--
-- Name: medida_codmedida_seq; Type: SEQUENCE SET; Schema: public; Owner: postgres
--

SELECT pg_catalog.setval('public.medida_codmedida_seq', 3, true);


--
-- Name: produto_codproduto_seq; Type: SEQUENCE SET; Schema: public; Owner: postgres
--

SELECT pg_catalog.setval('public.produto_codproduto_seq', 12, true);


--
-- Name: representante_codrepre_seq; Type: SEQUENCE SET; Schema: public; Owner: postgres
--

SELECT pg_catalog.setval('public.representante_codrepre_seq', 9, true);


--
-- Name: servicio_codservi_seq; Type: SEQUENCE SET; Schema: public; Owner: postgres
--

SELECT pg_catalog.setval('public.servicio_codservi_seq', 18, true);


--
-- Name: servicio_detalle_codservideta_seq; Type: SEQUENCE SET; Schema: public; Owner: postgres
--

SELECT pg_catalog.setval('public.servicio_detalle_codservideta_seq', 24, true);


--
-- Name: telrepre_codtel_seq; Type: SEQUENCE SET; Schema: public; Owner: postgres
--

SELECT pg_catalog.setval('public.telrepre_codtel_seq', 8, true);


--
-- Name: cliente cliente_pkey; Type: CONSTRAINT; Schema: public; Owner: postgres
--

ALTER TABLE ONLY public.cliente
    ADD CONSTRAINT cliente_pkey PRIMARY KEY (codcliente);


--
-- Name: entrada entrada_pkey; Type: CONSTRAINT; Schema: public; Owner: postgres
--

ALTER TABLE ONLY public.entrada
    ADD CONSTRAINT entrada_pkey PRIMARY KEY (codentrada);


--
-- Name: entradadetalle entradadetalle_pkey; Type: CONSTRAINT; Schema: public; Owner: postgres
--

ALTER TABLE ONLY public.entradadetalle
    ADD CONSTRAINT entradadetalle_pkey PRIMARY KEY (codentradadetalle);


--
-- Name: equipamento equipamento_pkey; Type: CONSTRAINT; Schema: public; Owner: postgres
--

ALTER TABLE ONLY public.equipamento
    ADD CONSTRAINT equipamento_pkey PRIMARY KEY (codequip);


--
-- Name: fornecedor fornecedor_pkey; Type: CONSTRAINT; Schema: public; Owner: postgres
--

ALTER TABLE ONLY public.fornecedor
    ADD CONSTRAINT fornecedor_pkey PRIMARY KEY (codfornecedor);


--
-- Name: funcionario funcionario_pkey; Type: CONSTRAINT; Schema: public; Owner: postgres
--

ALTER TABLE ONLY public.funcionario
    ADD CONSTRAINT funcionario_pkey PRIMARY KEY (codfuncio);


--
-- Name: marca marca_pkey; Type: CONSTRAINT; Schema: public; Owner: postgres
--

ALTER TABLE ONLY public.marca
    ADD CONSTRAINT marca_pkey PRIMARY KEY (codmarca);


--
-- Name: medida medida_pkey; Type: CONSTRAINT; Schema: public; Owner: postgres
--

ALTER TABLE ONLY public.medida
    ADD CONSTRAINT medida_pkey PRIMARY KEY (codmedida);


--
-- Name: produto produto_pkey; Type: CONSTRAINT; Schema: public; Owner: postgres
--

ALTER TABLE ONLY public.produto
    ADD CONSTRAINT produto_pkey PRIMARY KEY (codproduto);


--
-- Name: representante representante_pkey; Type: CONSTRAINT; Schema: public; Owner: postgres
--

ALTER TABLE ONLY public.representante
    ADD CONSTRAINT representante_pkey PRIMARY KEY (codrepre);


--
-- Name: serviciodetalle servicio_detalle_pkey; Type: CONSTRAINT; Schema: public; Owner: postgres
--

ALTER TABLE ONLY public.serviciodetalle
    ADD CONSTRAINT servicio_detalle_pkey PRIMARY KEY (codservideta);


--
-- Name: servicio servicio_pkey; Type: CONSTRAINT; Schema: public; Owner: postgres
--

ALTER TABLE ONLY public.servicio
    ADD CONSTRAINT servicio_pkey PRIMARY KEY (codservi);


--
-- Name: telrepre telrepre_pkey; Type: CONSTRAINT; Schema: public; Owner: postgres
--

ALTER TABLE ONLY public.telrepre
    ADD CONSTRAINT telrepre_pkey PRIMARY KEY (codtel);


--
-- Name: entradadetalle fk_detalle_entrada; Type: FK CONSTRAINT; Schema: public; Owner: postgres
--

ALTER TABLE ONLY public.entradadetalle
    ADD CONSTRAINT fk_detalle_entrada FOREIGN KEY (codentrada) REFERENCES public.entrada(codentrada) ON UPDATE CASCADE ON DELETE RESTRICT;


--
-- Name: entradadetalle fk_detalle_prod; Type: FK CONSTRAINT; Schema: public; Owner: postgres
--

ALTER TABLE ONLY public.entradadetalle
    ADD CONSTRAINT fk_detalle_prod FOREIGN KEY (codproduto) REFERENCES public.produto(codproduto) ON UPDATE CASCADE ON DELETE RESTRICT;


--
-- Name: entrada fk_entrada_fornecedor; Type: FK CONSTRAINT; Schema: public; Owner: postgres
--

ALTER TABLE ONLY public.entrada
    ADD CONSTRAINT fk_entrada_fornecedor FOREIGN KEY (codfornecedor) REFERENCES public.fornecedor(codfornecedor) ON UPDATE CASCADE ON DELETE RESTRICT;


--
-- Name: equipamento fk_equip_marca; Type: FK CONSTRAINT; Schema: public; Owner: postgres
--

ALTER TABLE ONLY public.equipamento
    ADD CONSTRAINT fk_equip_marca FOREIGN KEY (codmarca) REFERENCES public.marca(codmarca) ON UPDATE CASCADE ON DELETE RESTRICT;


--
-- Name: produto fk_prod_marca; Type: FK CONSTRAINT; Schema: public; Owner: postgres
--

ALTER TABLE ONLY public.produto
    ADD CONSTRAINT fk_prod_marca FOREIGN KEY (codmarca) REFERENCES public.marca(codmarca) ON UPDATE CASCADE ON DELETE RESTRICT;


--
-- Name: produto fk_prod_medida; Type: FK CONSTRAINT; Schema: public; Owner: postgres
--

ALTER TABLE ONLY public.produto
    ADD CONSTRAINT fk_prod_medida FOREIGN KEY (codmedida) REFERENCES public.medida(codmedida) ON UPDATE CASCADE ON DELETE RESTRICT;


--
-- Name: representante fk_repre_fornecedor; Type: FK CONSTRAINT; Schema: public; Owner: postgres
--

ALTER TABLE ONLY public.representante
    ADD CONSTRAINT fk_repre_fornecedor FOREIGN KEY (codfornecedor) REFERENCES public.fornecedor(codfornecedor) ON UPDATE CASCADE ON DELETE RESTRICT;


--
-- Name: servicio fk_serv_cli; Type: FK CONSTRAINT; Schema: public; Owner: postgres
--

ALTER TABLE ONLY public.servicio
    ADD CONSTRAINT fk_serv_cli FOREIGN KEY (codcliente) REFERENCES public.cliente(codcliente);


--
-- Name: servicio fk_servi_equip; Type: FK CONSTRAINT; Schema: public; Owner: postgres
--

ALTER TABLE ONLY public.servicio
    ADD CONSTRAINT fk_servi_equip FOREIGN KEY (codequip) REFERENCES public.equipamento(codequip);


--
-- Name: servicio fk_servi_funcio; Type: FK CONSTRAINT; Schema: public; Owner: postgres
--

ALTER TABLE ONLY public.servicio
    ADD CONSTRAINT fk_servi_funcio FOREIGN KEY (codfuncio) REFERENCES public.funcionario(codfuncio);


--
-- Name: serviciodetalle fk_servideta_prod; Type: FK CONSTRAINT; Schema: public; Owner: postgres
--

ALTER TABLE ONLY public.serviciodetalle
    ADD CONSTRAINT fk_servideta_prod FOREIGN KEY (codprod) REFERENCES public.produto(codproduto) ON UPDATE CASCADE ON DELETE RESTRICT;


--
-- Name: serviciodetalle fk_servideta_servi; Type: FK CONSTRAINT; Schema: public; Owner: postgres
--

ALTER TABLE ONLY public.serviciodetalle
    ADD CONSTRAINT fk_servideta_servi FOREIGN KEY (codservi) REFERENCES public.servicio(codservi) ON UPDATE CASCADE ON DELETE RESTRICT;


--
-- Name: telrepre fk_tel_repre; Type: FK CONSTRAINT; Schema: public; Owner: postgres
--

ALTER TABLE ONLY public.telrepre
    ADD CONSTRAINT fk_tel_repre FOREIGN KEY (codrepre) REFERENCES public.representante(codrepre) ON UPDATE CASCADE ON DELETE RESTRICT;


--
-- PostgreSQL database dump complete
--

